{'domain': 'umbrawindowtinting.com', 'address': {'country': 'United States', 'region': 'Illinois', 'city': None, 'postcode': '60068', 'road': 'West Higgins Road', 'house_number': '811'}},
{'domain': 'umbrawindowtinting.com', 'address': {'country': 'United States', 'region': 'Illinois', 'city': None, 'postcode': '60068', 'road': 'West Higgins Road', 'house_number': '811'}},
{'domain': 'umbrawindowtinting.com', 'address': {'country': 'United States', 'region': 'Illinois', 'city': None, 'postcode': '60068', 'road': 'West Higgins Road', 'house_number': '811'}},
{'domain': 'umbrawindowtinting.com', 'address': {'country': 'United States', 'region': 'Illinois', 'city': None, 'postcode': '60068', 'road': 'West Higgins Road', 'house_number': '811'}},
{'domain': 'www.wyandottewinery.com', 'address': {'country': 'United States', 'region': 'Ohio', 'city': 'Columbus', 'postcode': '43230', 'road': 'Wyandotte Drive', 'house_number': '4640'}},
{'domain': 'wyandottewinery.com', 'address': {'country': 'United States', 'region': 'Ohio', 'city': 'Columbus', 'postcode': '43230', 'road': 'Wyandotte Drive', 'house_number': '4640'}},
{'domain': 'www.wyandottewinery.com', 'address': {'country': 'United States', 'region': 'Ohio', 'city': 'Columbus', 'postcode': '43230', 'road': 'Wyandotte Drive', 'house_number': '4640'}},
{'domain': 'dillonmusic.com', 'address': {'country': 'United States', 'region': 'Florida', 'city': 'Daytona Beach', 'postcode': '32114', 'road': 'Fulton Street', 'house_number': '325'}},
{'domain': 'dillonmusic.com', 'address': {'country': 'United States', 'region': 'Florida', 'city': 'Daytona Beach', 'postcode': '32114', 'road': 'Fulton Street', 'house_number': '325'}},
{'domain': 'www.dillonmusic.com', 'address': {'country': 'United States', 'region': 'Florida', 'city': 'Daytona Beach', 'postcode': '32114', 'road': 'Fulton Street', 'house_number': '325'}},
{'domain': 'seedsourceag.com', 'address': {'country': 'United States', 'region': 'Massachusetts', 'city': None, 'postcode': '02368', 'road': 'Chiefs Way', 'house_number': None}},
{'domain': 'casepaper.com', 'address': {'country': 'United States', 'region': 'New York', 'city': 'City of New York', 'postcode': '10026', 'road': 'West 116th Street', 'house_number': None}},
{'domain': 'katerisyracuse.com', 'address': {'country': 'United States', 'region': 'New York', 'city': 'City of Syracuse', 'postcode': '13204', 'road': 'Gifford Street', 'house_number': '432'}},
{'domain': 'neutresalon.com', 'address': {'country': 'United States', 'region': 'Delaware', 'city': 'Wilmington', 'postcode': '19801', 'road': 'South Market Street', 'house_number': '101'}},
{'domain': 'neutresalon.com', 'address': {'country': 'United States', 'region': 'Delaware', 'city': 'Wilmington', 'postcode': '19801', 'road': 'South Market Street', 'house_number': '101'}},
{'domain': 'neutresalon.com', 'address': {'country': 'United States', 'region': 'Delaware', 'city': 'Wilmington', 'postcode': '19801', 'road': 'South Market Street', 'house_number': '101'}},
{'domain': 'neutresalon.com', 'address': {'country': 'United States', 'region': 'Delaware', 'city': 'Wilmington', 'postcode': '19801', 'road': 'South Market Street', 'house_number': '101'}},
{'domain': 'neutresalon.com', 'address': {'country': 'United States', 'region': 'Delaware', 'city': 'Wilmington', 'postcode': '19801', 'road': 'South Market Street', 'house_number': '101'}},
{'domain': 'neutresalon.com', 'address': {'country': 'United States', 'region': 'Delaware', 'city': 'Wilmington', 'postcode': '19801', 'road': 'South Market Street', 'house_number': '101'}},
{'domain': 'cabwhp.org', 'address': {'country': 'United States', 'region': 'California', 'city': 'Inglewood', 'postcode': '90304', 'road': 'South La Cienega Boulevard', 'house_number': '9800'}},
{'domain': 'ohnstadlaw.com', 'address': {'country': 'United States', 'region': 'North Dakota', 'city': None, 'postcode': '58122', 'road': 'Sheyenne Street', 'house_number': '444'}},
{'domain': 'ohnstadlaw.com', 'address': {'country': 'United States', 'region': 'North Dakota', 'city': None, 'postcode': '58122', 'road': 'Sheyenne Street', 'house_number': '444'}},
{'domain': 'ohnstadlaw.com', 'address': {'country': 'United States', 'region': 'North Dakota', 'city': None, 'postcode': '58122', 'road': 'Sheyenne Street', 'house_number': '444'}},
